{
    "spot": {
        "上野": [35.71416868047493, 139.7769575455507],
        "米沢": [37.92324148497627, 140.11816929680305],
        "山形": [38.2474416229328, 140.33581059870698],
        "仙台": [38.259778916971065, 140.882289308662]
    },
    "path": [
        ["上野", "米沢", "山形", "仙台", "上野"]
    ]
}
