{
    "spot": {
        "上野": [35.714148512075674, 139.77702923691714],
        "根府川": [35.20273347968328, 139.13867950652215],
        "三島": [35.118819972473666, 138.91916508116063],
        "沼津": [35.0959161908778, 138.86388528356224],
        "静岡": [34.97104791313753, 138.38742131371248],
        "大井川": [35.168199208179395, 138.18124301444553]
    },
    "path": [
        ["上野", "根府川", "三島", "沼津", "静岡", "大井川"]
    ]
}
