{
    "spot": {
        "星耀樟宜": [1.3602364047731987, 103.98973941662956],
        "乌节路": [1.303647538117043, 103.83171073523123],
        "甘榜格南": [1.302161091239507, 103.858929304466],
        "牛车水": [1.2845162539227928, 103.8435380301605],
        "鱼尾狮公园": [1.2867363206513764, 103.85439704863498],
        "滨海湾花园": [1.2815238413503245, 103.86365410855917],
        "福康宁公园": [1.2944417148198677, 103.84586018673568],
        "政府大厦": [1.2908555658529721, 103.8522379634355],
        "Joo Chiat Rd": [1.3099068083883316, 103.90202941058682],
        "东海岸公园": [1.300725755379968, 103.91218391467594]
    },
    "path": [
        ["星耀樟宜", "乌节路", "甘榜格南", "牛车水", "鱼尾狮公园", "滨海湾花园"],
        ["牛车水", "福康宁公园", "政府大厦", "Joo Chiat Rd", "东海岸公园", "星耀樟宜"]
    ]
}
