{
    "spot": {
        "和歌山": [34.228194853415914, 135.17156883738693],
        "白浜": [33.67844007810799, 135.34841227743706],
        "串本": [33.47560816000375, 135.78159040976846],
        "熊野那智大社": [33.668994446933105, 135.89000029691184],
        "那智勝浦": [33.628102009893425, 135.94127658139132],
        "新宮": [33.72533930563179, 135.9933565835119],
        "熊野本宮大社": [33.84114103875179, 135.7734283594938],
        "大阪": [34.65211602031851, 135.50632286778068],
        "京都": [34.985731593713844, 135.75772823354802],
        "宇治": [34.89044794283425, 135.8007213672799]
    },
    "path": [
        ["和歌山", "白浜", "串本", "熊野那智大社", "那智勝浦", "新宮", "熊野本宮大社", "白浜"]
    ]
}
