{
    "spot": {
        "河津": [34.749765385114095, 138.989795259301]
    },
    "span": {
        "河津": 800
    }
}
