{
    "spot": {
        "札幌": [43.063198109170756, 141.35229886221794],
        "小樽": [43.190362463084476, 140.99905457959218],
        "旭川": [43.771557719514796, 142.362050058756],
        "美瑛": [43.587502345760825, 142.46942819442071],
        "苫小牧": [42.63194577142825, 141.60170511551118],
        "室蘭": [42.315369866105776, 140.97434445935113],
        "盛岡": [39.702556682791965, 141.1453450429862],
        "仙台": [38.26007456798269, 140.88215484495052],
        "山寺": [38.30923597637689, 140.4350190690657],
        "山形": [38.2484538116327, 140.32635625125934]
    },
    "path": [
        ["小樽", "札幌", "旭川"],
        ["美瑛", "旭川", "苫小牧"],
        ["苫小牧", "室蘭", "盛岡"],
        ["盛岡", "仙台", "山寺", "山形"]
    ]
}
