{
    "spot": {
        "若洲海浜公園": [35.62014754079627, 139.83454395387295],
        "国立新美術館": [35.66572584078684, 139.72656639650032],
        "恵比寿": [35.64225912993988, 139.71342473100748]
    }
}
