{
    "spot": {
        "女満別空港": [43.88290755803342, 144.1587502884155],
        "網走": [44.020070567502664, 144.25425159979793],
        "能取岬": [44.112915985285134, 144.24344552412066],
        "美幌": [43.8234845065207, 144.1058018652679],
        "知床": [44.09153916359329, 145.0228031475438],
        "阿寒摩周国立公園": [43.538124244605065, 144.28157397471472],
        "帯広": [42.91810880464474, 143.20197127071577],
        "黄金道路": [42.07287882699695, 143.30715972599984],
        "襟裳岬": [41.924831124062294, 143.24934690705763],
        "富良野": [43.44715031658007, 142.45925682237427],
        "旭川": [43.762718551461504, 142.35888115561872],
        "新千歳空港": [42.78794008482533, 141.68106969947544]
    },
    "path": [
        ["女満別空港", "網走", "能取岬"],
        ["美幌", "知床"],
        ["美幌", "阿寒摩周国立公園", "帯広", "黄金道路", "襟裳岬"],
        ["帯広", "富良野", "旭川"],
        ["富良野", "新千歳空港"]
    ]
}
