{
    "spot": {
        "東京": [35.681199393510546, 139.76671312995484],
        "草津温泉": [36.62321521215058, 138.59678823028187],
        "高崎": [36.3229345177895, 139.01238177846108]
    },
    "path": [
        ["東京", "高崎", "草津温泉"]
    ]
}
