{
    "spot": {
        "京都": [34.98629153996997, 135.75614997731705],
        "宇治": [34.884902220884626, 135.80003944662693],
        "大阪": [34.66712057550085, 135.49862087518562],
        "星のブランコ": [34.7528715936612, 135.6853044050652],
        "蒲郡": [34.822816709533875, 137.2254888167759]
    }
}
