{
    "spot": {
        "千葉": [35.61295215940466, 140.11312830510244],
        "木更津": [35.38187611272082, 139.92648653422154],
        "浜金谷": [35.16821564756217, 139.82231204505155],
        "館山": [34.995825922226274, 139.86216843380393],
        "鵜原": [35.141491564064495, 140.2789624768421]
    }
}
