{
    "spot": {
        "長瀞": [36.094931930912274, 139.11276625533307],
        "秩父": [36.063007580848705, 139.09685317079985]
    }
}
