{
    "spot": {
        "館林": [36.2460874903062, 139.52813442966252],
        "足利": [36.33195978618311, 139.45586848182742],
        "伊勢崎": [36.32715946951785, 139.19581946903503],
        "前橋": [36.38356437031862, 139.07341328000555],
        "高崎": [36.32284002711771, 139.01255439616386]
    }
}
