{
    "spot": {
        "香取": [35.89452423243746, 140.49404086620595],
        "鹿嶋": [35.97064111282633, 140.62580535972552],
        "銚子": [35.722683921328084, 140.84930448909543]
    }
}
