{
    "spot": {
        "三鷹": [35.70278157286224, 139.56109971259855],
        "甲府": [35.666839982852174, 138.56837971925725],
        "清里": [35.91944865202777, 138.43724676640952],
        "諏訪": [36.04703449798481, 138.11644410488069],
        "車山高原": [36.10169332618445, 138.2133595790907],
        "駒ヶ根": [35.73633082673349, 137.93667021730502]
    },
    "path": [
        ["三鷹", "甲府", "清里", "諏訪", "車山高原"],
        ["諏訪", "駒ヶ根"]
    ]
}
