{
    "spot": {
        "上野": [35.71417476590496, 139.77682199067235],
        "郡山": [37.402392880558914, 140.36085050067115],
        "会津若松": [37.493274120589234, 139.9290648900457],
        "高萩": [36.72129719019254, 140.72033712533135]
    },
    "path": [
        ["上野", "郡山", "会津若松"],
        ["郡山", "高萩", "上野"]
    ]
}
