{
    "spot": {
        "熱海": [35.10, 139.07],
        "伊東": [34.97, 139.09],
        "伊豆高原": [34.87, 139.11],
        "下田": [34.67, 138.94],
        "石廊崎": [34.60302097423285, 138.84682465051563],
        "西伊豆": [34.84, 138.77],
        "西伊豆スカイライン": [34.94, 138.83],
        "修禅寺": [34.97, 138.92]
    },
    "path": [["熱海", "伊東", "伊豆高原", "下田", "石廊崎", "西伊豆", "西伊豆スカイライン", "修禅寺", "熱海"]]
}
