{
    "spot": {
        "上野": [35.71411529333831, 139.77658560533544],
        "新潟": [37.91209327730375, 139.06200851479284],
        "酒田": [38.92235599063886, 139.845870069053]
    },
    "path": [
        ["上野", "新潟", "酒田"]
    ]
}
