{
    "spot": {
        "三河島": [35.733237055680995, 139.77861844231418],
        "相模湖": [35.61718759745584, 139.18893305511912],
        "韮崎": [35.71041723881491, 138.45094389532898],
        "小淵沢": [35.86344499326498, 138.31623386353402],
        "清里": [35.91913849321699, 138.4364411915694],
        "野辺山": [35.9555627045989, 138.47443229203245],
        "松原湖": [36.061044991022676, 138.4706191803453],
        "龍岡城": [36.20413491347593, 138.49094075076508],
        "佐久平": [36.27805787735029, 138.46408189995074],
        "小諸": [36.326872351756606, 138.42112007903802],
        "軽井沢": [36.342820360189606, 138.63551975953374]
    },
    "path": [
        ["三河島", "相模湖", "韮崎", "小淵沢", "清里", "野辺山", "松原湖", "龍岡城", "佐久平", "小諸", "軽井沢"]
    ]
}
