{
    "spot": {
        "三河島": [35.733092901176285, 139.77844017914228],
        "小田原": [35.25632122808486, 139.15471463893502],
        "静岡": [34.97171384566422, 138.389614808441],
        "掛川": [34.76983343272917, 138.01581448073637],
        "浜松": [34.70382083726496, 137.73464258682097],
        "岐阜": [35.409585950000945, 136.756593567187],
        "大垣": [35.3667786955988, 136.61790568358185],
        "長浜": [35.378574266512494, 136.26498196666947],
        "山科": [34.99217876086636, 135.81626671683986],
        "奈良": [34.68063464978368, 135.81903878599837],
        "神戸": [34.69466361303191, 135.19485968602612]
    },
    "path": [
        ["三河島", "小田原", "静岡", "掛川", "浜松", "岐阜", "大垣" ,"長浜", "山科"]
    ]
}
