{
    "spot": {
        "新潟": [37.9208545929602, 139.04622842440264]
    },
    "span": {
        "新潟": 1500
    }
}
