{
    "spot": {
        "日光": [36.74798450489003, 139.61993503376215],
        "会津若松": [37.50792820324349, 139.9303482711251]
    }
}
