{
    "spot": {
        "三鷹": [35.70261523484028, 139.56092099858643],
        "甲府": [35.66728054167518, 138.56750014298834],
        "諏訪": [36.04683384966904, 138.11649376302142],
        "松本": [36.231037725831804, 137.96260921911284],
        "奈良井": [35.96876283563532, 137.81582684150723],
        "鵜沼": [35.39771710213463, 136.94533611028777],
        "彦根": [35.272224878667394, 136.263194371006],
        "草津": [35.022587749015806, 135.9616935916115],
        "石山": [34.97983701623249, 135.90028389218514],
        "東福寺": [34.9812255168511, 135.76895113997276]
    },
    "path": [
        ["三鷹", "甲府", "諏訪", "松本", "奈良井", "鵜沼", "彦根", "草津", "石山", "東福寺"]
    ]
}
