{
    "spot": {
        "鎌倉": [35.318706674616244, 139.55039497713443],
        "長谷": [35.312491043933534, 139.5334227591953],
        "七里ヶ浜": [35.30622227973343, 139.51016350077217],
        "江ノ島": [35.299795443741544, 139.48052250776766]
    }
}
