{
    "spot": {
        "上野": [35.71403622639313, 139.77681567585668],
        "富山": [36.70200707582885, 137.21148330582616],
        "高岡": [36.74126848970291, 137.01252339700574],
        "金沢": [36.57827873349822, 136.64759719645045],
        "高山": [36.14100851872222, 137.25126279224676],
        "名古屋": [35.170950341090716, 136.8812579577831]
    },
    "path": [
        ["上野", "富山", "高岡", "金沢"],
        ["富山", "高山", "名古屋", "上野"]
    ]
}
