{
    "spot": {
        "横須賀": [35.278682266134766, 139.67005381942732],
        "城ヶ島": [35.134117205876464, 139.62084170297203]
    }
}
