{
    "spot": {
        "西新井橋": [35.75868758555547, 139.78931583026463]
    },
    "span": {
        "西新井橋": 300
    }
}
