{
    "spot": {
        "有馬温泉": [34.79924801166348, 135.24633807516875],
        "神戸大学": [34.72571917469125, 135.2345683757888],
        "万博記念公園": [34.80959423363619, 135.5318896483094],
        "貴船神社": [35.12342461991566, 135.7629154169783],
        "中之島": [34.69380393677238, 135.499654783869]
    }
}
