{
    "spot": {
        "上野": [35.71414318866904, 139.77697456324944],
        "八戸": [40.50916882095301, 141.43037395382197],
        "種差海岸": [40.52493552372102, 141.58485911428502],
        "弘前": [40.599381394555174, 140.48514325193665],
        "秋田": [39.71693439573305, 140.12945318380207],
        "田沢湖": [39.70065316561159, 140.72253264636487],
        "盛岡": [39.701169128979316, 141.1360223689191]
    },
    "path": [
        ["上野", "八戸", "種差海岸"],
        ["八戸", "弘前", "秋田", "田沢湖", "盛岡"]
    ]
}
