{
    "spot": {
        "高松": [34.350684825362904, 134.04711911597855],
        "竹居岬": [34.39801478815151, 134.141564571712],
        "鳴門": [34.178841787554326, 134.60888422115656],
        "徳島": [34.074465376951366, 134.55132300367504],
        "剣山": [33.85545979714109, 134.0959023334363],
        "大歩危": [33.84957176067648, 133.80429902291786],
        "高知": [33.56731892034032, 133.54332194189539],
        "四万十": [33.189458392054675, 133.1049343588134],
        "足摺岬": [32.725015970509375, 133.02127046184205],
        "大洲": [33.50935219954666, 132.54044721775557],
        "下灘": [33.65534330817865, 132.5892635759308],
        "松山": [33.83963105115668, 132.75086223870557],
        "川之江": [34.01416271488192, 133.57593421034537],
        "丸亀": [34.29181758883379, 133.79339428673742]
    },
    "path": [
        ["高松", "竹居岬", "鳴門", "徳島", "剣山", "大歩危", "高知", "四万十", "足摺岬", "大洲", "下灘", "松山", "川之江", "丸亀", "高松"]
    ]
}
