{
    "spot": {
        "上野": [35.714138689082354, 139.7770907154515],
        "上田": [36.396497414958105, 138.2492850040354],
        "長野": [36.64285844269065, 138.18812292400642],
        "高田": [37.11527465695695, 138.24138381386618],
        "長岡": [37.44806132956147, 138.8539770358239]
    },
    "path": [
        ["上野", "上田", "長野", "高田", "長岡", "上野"]
    ]
}
