{
    "spot": {
        "上野": [35.714138689082354, 139.7770907154515],
        "長野": [36.64285844269065, 138.18812292400642],
        "松本": [36.23081314741221, 137.96412606554802],
        "諏訪": [36.054084094767155, 138.11449037518827]
    },
    "path": [
        ["上野", "長野", "松本", "諏訪", "上野"]
    ]
}
