{
    "spot": {
        "三河島": [35.733266232030346, 139.7785762379706],
        "水戸": [36.37060203352418, 140.47588482408239],
        "大洗": [36.31514015353555, 140.56303088195673],
        "日立": [36.590894174486564, 140.66235458322154],
        "いわき": [37.058439347875556, 140.8922019426278],
        "郡山": [37.39889581395061, 140.38892895825813],
        "福島": [37.754069916647715, 140.4587868679614],
        "白河": [37.1296227241559, 140.2143307016531],
        "黒磯": [36.96988822445262, 140.05944492356485],
        "宇都宮": [36.55928843438344, 139.89853526092568],
        "大宮": [35.90642759969646, 139.62395094662674]
    },
    "path": [
        ["三河島", "水戸", "大洗"],
        ["水戸", "日立", "いわき", "郡山", "福島"],
        ["郡山", "白河", "黒磯", "宇都宮", "大宮", "三河島"]
    ]
}
