{
    "spot": {
        "箱根": [35.20787006202043, 139.03479765557813]
    },
    "span": {
        "箱根": 1000
    }
}
