{
    "spot": {
        "佐世保": [33.16389270163084, 129.72502507070266],
        "北九州": [33.88716643705454, 130.88272697994609],
        "広島": [34.397733964355744, 132.4753858004471],
        "尾道": [34.40496059571366, 133.19362877853914],
        "倉敷": [34.6019288831566, 133.76579775662694],
        "岡山": [34.66635325163764, 133.91626543555435],
        "姫路": [34.8266978667018, 134.69054466637618],
        "明石": [34.64908393942519, 134.99275178915119],
        "新大阪": [34.73343095690062, 135.49711551277917]
    },
    "path": [
        ["佐世保", "北九州", "広島", "尾道", "倉敷", "岡山", "姫路", "明石", "新大阪"]
    ]
}
