{
    "spot": {
        "函館": [41.77387027169513, 140.7258347359965],
        "青森": [40.82874157886781, 140.73382556816463],
        "弘前": [40.59892178258245, 140.48443661772794],
        "秋田": [39.71695837577979, 140.12965317441018],
        "角館": [39.59129825053926, 140.5698934019002],
        "盛岡": [39.70167159429638, 141.13540639281842],
        "仙台": [38.26004235776169, 140.88212817843802],
        "東京": [35.68122729426345, 139.76665717364187]
    },
    "path": [
        ["函館", "青森", "弘前", "秋田", "角館", "盛岡", "仙台", "東京"]
    ]
}
