{
    "spot": {
        "新加坡国立大学": [1.2984330272440414, 103.77657744351174],
        "新加坡管理大学": [1.296372596085145, 103.85015659383417],
        "荷兰村": [1.3121803298459387, 103.79645042611806],
        "圣淘沙": [1.2493431094105938, 103.83015741643617]
    },
    "album": {
        "新加坡": [1.2882543383212761, 103.84440624520579]
    }
}
