{
    "spot": {
        "名古屋": [35.171814605783936, 136.8975268998121],
        "桑名": [35.06661064484142, 136.68385286936243],
        "津": [34.73414927967253, 136.51050772378858],
        "伊勢": [34.49086949850423, 136.71001344404556],
        "二見浦": [34.503729761666975, 136.7769059562155]
    },
    "path": [
        ["名古屋", "桑名", "津", "伊勢", "二見浦"]
    ]
}
