{
    "spot": {
        "川越": [35.923792713392345, 139.48340360838944],
        "恵比寿": [35.64671807172018, 139.71014160649793]
    }
}
