{
    "spot": {
        "北鎌倉": [35.33717532281456, 139.54519710882175]
    },
    "span": {
        "北鎌倉": 500
    }
}
