{
    "spot": {
        "披露山公園": [35.29643983955902, 139.5645079895313],
        "桜山中央公園": [35.29345761459873, 139.59721604216227],
        "荒崎公園": [35.19478837689731, 139.60105884593435],
        "立石公園": [35.24095453537905, 139.59780558753687]
    }
}
